{
  "protected": {
    "ver": "v1",
    "alg": "none",
    "iat": 1725419238
  },
  "signature": "0",
  "payload": {
    "device_name": "MagicWandDevice",
    "device_type": "strokes_sensor",
    "interval_ms": 20,
    "sensors": [
      {
        "name": "x",
        "units": "unitless"
      },
      {
        "name": "y",
        "units": "unitless"
      }
    ],
    "values": [
      [
        0.0390625,
        0.0546875
      ],
      [
        0.0390625,
        0.0546875
      ],
      [
        0.0390625,
        0.0546875
      ],
      [
        0.0390625,
        0.0546875
      ],
      [
        0.0390625,
        0.0546875
      ],
      [
        0.0390625,
        0.0546875
      ],
      [
        0.0390625,
        0.0546875
      ],
      [
        0.0390625,
        0.0546875
      ],
      [
        0.0390625,
        0.0546875
      ],
      [
        0.0390625,
        0.0546875
      ],
      [
        0.0390625,
        0.0546875
      ],
      [
        0.0390625,
        0.0546875
      ],
      [
        0.0390625,
        0.0546875
      ],
      [
        0.0390625,
        0.0625
      ],
      [
        0.0390625,
        0.0625
      ],
      [
        0.0390625,
        0.0625
      ],
      [
        0.0390625,
        0.0625
      ],
      [
        0.03125,
        0.0625
      ],
      [
        0.0234375,
        0.0625
      ],
      [
        0.0078125,
        0.0625
      ],
      [
        -0.0078125,
        0.0546875
      ],
      [
        -0.0234375,
        0.0546875
      ],
      [
        -0.046875,
        0.046875
      ],
      [
        -0.0625,
        0.046875
      ],
      [
        -0.078125,
        0.0390625
      ],
      [
        -0.09375,
        0.03125
      ],
      [
        -0.109375,
        0.015625
      ],
      [
        -0.1171875,
        0
      ],
      [
        -0.1328125,
        -0.015625
      ],
      [
        -0.140625,
        -0.03125
      ],
      [
        -0.140625,
        -0.0546875
      ],
      [
        -0.1484375,
        -0.078125
      ],
      [
        -0.140625,
        -0.09375
      ],
      [
        -0.1328125,
        -0.1171875
      ],
      [
        -0.125,
        -0.1328125
      ],
      [
        -0.109375,
        -0.1484375
      ],
      [
        -0.09375,
        -0.1640625
      ],
      [
        -0.078125,
        -0.1796875
      ],
      [
        -0.0625,
        -0.1953125
      ],
      [
        -0.0390625,
        -0.203125
      ],
      [
        -0.0234375,
        -0.2109375
      ],
      [
        0,
        -0.2109375
      ],
      [
        0.015625,
        -0.2109375
      ],
      [
        0.03125,
        -0.2109375
      ],
      [
        0.0546875,
        -0.203125
      ],
      [
        0.0625,
        -0.1875
      ],
      [
        0.078125,
        -0.171875
      ],
      [
        0.0859375,
        -0.15625
      ],
      [
        0.09375,
        -0.140625
      ],
      [
        0.1015625,
        -0.125
      ],
      [
        0.1015625,
        -0.109375
      ],
      [
        0.1015625,
        -0.09375
      ],
      [
        0.1015625,
        -0.0703125
      ],
      [
        0.09375,
        -0.0546875
      ],
      [
        0.09375,
        -0.0390625
      ],
      [
        0.09375,
        -0.0234375
      ],
      [
        0.0859375,
        -0.0078125
      ],
      [
        0.078125,
        0.0078125
      ],
      [
        0.0703125,
        0.0234375
      ],
      [
        0.0625,
        0.03125
      ],
      [
        0.0546875,
        0.046875
      ],
      [
        0.046875,
        0.0546875
      ],
      [
        0.046875,
        0.0625
      ],
      [
        0.0390625,
        0.0703125
      ],
      [
        0.03125,
        0.078125
      ],
      [
        0.015625,
        0.0859375
      ],
      [
        0.0078125,
        0.0859375
      ],
      [
        0,
        0.09375
      ],
      [
        -0.0078125,
        0.09375
      ],
      [
        -0.0078125,
        0.1015625
      ],
      [
        -0.015625,
        0.1015625
      ],
      [
        -0.0234375,
        0.1015625
      ],
      [
        -0.03125,
        0.1015625
      ],
      [
        -0.03125,
        0.1015625
      ],
      [
        -0.03125,
        0.1015625
      ],
      [
        -0.03125,
        0.1015625
      ],
      [
        -0.0390625,
        0.1015625
      ],
      [
        -0.0390625,
        0.1015625
      ],
      [
        -0.0390625,
        0.1015625
      ],
      [
        -0.0390625,
        0.1015625
      ],
      [
        -0.0390625,
        0.1015625
      ],
      [
        -0.0390625,
        0.09375
      ],
      [
        -0.0390625,
        0.09375
      ]
    ]
  }
}